seq_id	pos	mod
NR_003286_RNA18SN5	26	Am
NR_003286_RNA18SN5	33	psU
NR_003286_RNA18SN5	35	psU
NR_003286_RNA18SN5	92	psU
NR_003286_RNA18SN5	98	Am
NR_003286_RNA18SN5	104	psU
NR_003286_RNA18SN5	108	psU
NR_003286_RNA18SN5	115	Um
NR_003286_RNA18SN5	118	psU
NR_003286_RNA18SN5	120	Um
NR_003286_RNA18SN5	158	Am
NR_003286_RNA18SN5	165	Am
NR_003286_RNA18SN5	171	Um
NR_003286_RNA18SN5	173	Cm
NR_003286_RNA18SN5	209	psU
NR_003286_RNA18SN5	217	psU
NR_003286_RNA18SN5	295	psU
NR_003286_RNA18SN5	353	Um
NR_003286_RNA18SN5	405	psU
NR_003286_RNA18SN5	427	Um
NR_003286_RNA18SN5	435	Gm
NR_003286_RNA18SN5	461	Cm
NR_003286_RNA18SN5	467	Am
NR_003286_RNA18SN5	483	Am
NR_003286_RNA18SN5	508	Gm
NR_003286_RNA18SN5	511	Am
NR_003286_RNA18SN5	516	Cm
NR_003286_RNA18SN5	571	psU
NR_003286_RNA18SN5	575	Am
NR_003286_RNA18SN5	589	Am
NR_003286_RNA18SN5	600	Gm
NR_003286_RNA18SN5	608	psU
NR_003286_RNA18SN5	620	Cm
NR_003286_RNA18SN5	626	Um
NR_003286_RNA18SN5	643	Gm
NR_003286_RNA18SN5	648	psU
NR_003286_RNA18SN5	650	psU
NR_003286_RNA18SN5	667	Am
NR_003286_RNA18SN5	680	psU
NR_003286_RNA18SN5	682	Gm
NR_003286_RNA18SN5	685	psU
NR_003286_RNA18SN5	687	ND
NR_003286_RNA18SN5	796	Cm
NR_003286_RNA18SN5	798	Um
NR_003286_RNA18SN5	800	psU
NR_003286_RNA18SN5	813	psU
NR_003286_RNA18SN5	814	psU
NR_003286_RNA18SN5	821	psU
NR_003286_RNA18SN5	862	psU
NR_003286_RNA18SN5	865	psU
NR_003286_RNA18SN5	866	Gm
NR_003286_RNA18SN5	896	psU
NR_003286_RNA18SN5	917	psU
NR_003286_RNA18SN5	965	psU
NR_003286_RNA18SN5	1003	psU
NR_003286_RNA18SN5	1030	Am
NR_003286_RNA18SN5	1044	psU
NR_003286_RNA18SN5	1045	psU
NR_003286_RNA18SN5	1055	psU
NR_003286_RNA18SN5	1080	psU
NR_003286_RNA18SN5	1135	psU
NR_003286_RNA18SN5	1173	psU
NR_003286_RNA18SN5	1176	psU
NR_003286_RNA18SN5	1231	psU
NR_003286_RNA18SN5	1237	psU
NR_003286_RNA18SN5	1243	psU
NR_003286_RNA18SN5	1247	m1acp3psU
NR_003286_RNA18SN5	1271	Cm
NR_003286_RNA18SN5	1287	Um
NR_003286_RNA18SN5	1325	Um
NR_003286_RNA18SN5	1327	Gm
NR_003286_RNA18SN5	1336	ac4C
NR_003286_RNA18SN5	1346	psU
NR_003286_RNA18SN5	1366	psU
NR_003286_RNA18SN5	1382	Am
NR_003286_RNA18SN5	1390	Cm
NR_003286_RNA18SN5	1441	Um
NR_003286_RNA18SN5	1444	psU
NR_003286_RNA18SN5	1446	Gm
NR_003286_RNA18SN5	1489	Gm
NR_003286_RNA18SN5	1624	psU
NR_003286_RNA18SN5	1638	m7G
NR_003286_RNA18SN5	1642	psU
NR_003286_RNA18SN5	1667	Um
NR_003286_RNA18SN5	1677	Am
NR_003286_RNA18SN5	1691	psU
NR_003286_RNA18SN5	1702	Cm
NR_003286_RNA18SN5	1803	Um
NR_003286_RNA18SN5	1831	m6A
NR_003286_RNA18SN5	1841	ac4C
NR_003286_RNA18SN5	1849	m62A
NR_003286_RNA18SN5	1850	m62A
NR_003287_RNA28SN5	397	Am
NR_003287_RNA28SN5	399	Am
NR_003287_RNA28SN5	1315	Gm
NR_003287_RNA28SN5	1321	m1A
NR_003287_RNA28SN5	1322	Am
NR_003287_RNA28SN5	1325	Am
NR_003287_RNA28SN5	1339	Cm
NR_003287_RNA28SN5	1521	Gm
NR_003287_RNA28SN5	1523	Am
NR_003287_RNA28SN5	1533	Am
NR_003287_RNA28SN5	1535	psU
NR_003287_RNA28SN5	1581	psU
NR_003287_RNA28SN5	1624	Gm
NR_003287_RNA28SN5	1676	psU
NR_003287_RNA28SN5	1682	psU
NR_003287_RNA28SN5	1743	psU
NR_003287_RNA28SN5	1759	Gm
NR_003287_RNA28SN5	1772	Um
NR_003287_RNA28SN5	1778	psU
NR_003287_RNA28SN5	1780	psU
NR_003287_RNA28SN5	1781	psU
NR_003287_RNA28SN5	1791	psU
NR_003287_RNA28SN5	1859	psU
NR_003287_RNA28SN5	1861	psU
NR_003287_RNA28SN5	1870	Am
NR_003287_RNA28SN5	1880	Cm
NR_003287_RNA28SN5	2291	ND
NR_003287_RNA28SN5	2350	Cm
NR_003287_RNA28SN5	2362	Am
NR_003287_RNA28SN5	2363	Gm
NR_003287_RNA28SN5	2364	Cm
NR_003287_RNA28SN5	2400	Am
NR_003287_RNA28SN5	2414	Um
NR_003287_RNA28SN5	2421	Cm
NR_003287_RNA28SN5	2423	Gm
NR_003287_RNA28SN5	2507	psU
NR_003287_RNA28SN5	2631	psU
NR_003287_RNA28SN5	2786	Am
NR_003287_RNA28SN5	2803	Cm
NR_003287_RNA28SN5	2814	Am
NR_003287_RNA28SN5	2823	Cm
NR_003287_RNA28SN5	2836	Um
NR_003287_RNA28SN5	2838	psU
NR_003287_RNA28SN5	2842	psU
NR_003287_RNA28SN5	2860	Cm
NR_003287_RNA28SN5	2875	Gm
NR_003287_RNA28SN5	3626	Gm
NR_003287_RNA28SN5	3636	psU
NR_003287_RNA28SN5	3638	psU
NR_003287_RNA28SN5	3694	psU
NR_003287_RNA28SN5	3700	Cm
NR_003287_RNA28SN5	3714	psU
NR_003287_RNA28SN5	3717	Am
NR_003287_RNA28SN5	3723	Am
NR_003287_RNA28SN5	3729	psU
NR_003287_RNA28SN5	3733	psU
NR_003287_RNA28SN5	3743	Gm
NR_003287_RNA28SN5	3757	psU
NR_003287_RNA28SN5	3759	Am
NR_003287_RNA28SN5	3761	psU
NR_003287_RNA28SN5	3763	psU
NR_003287_RNA28SN5	3767	psU
NR_003287_RNA28SN5	3769	psU
NR_003287_RNA28SN5	3781	m5C
NR_003287_RNA28SN5	3784	Am
NR_003287_RNA28SN5	3791	Gm
NR_003287_RNA28SN5	3807	Cm
NR_003287_RNA28SN5	3817	psUm
NR_003287_RNA28SN5	3821	psU
NR_003287_RNA28SN5	3824	Am
NR_003287_RNA28SN5	3829	Am
NR_003287_RNA28SN5	3840	Cm
NR_003287_RNA28SN5	3843	psU
NR_003287_RNA28SN5	3850	psU
NR_003287_RNA28SN5	3852	psU
NR_003287_RNA28SN5	3866	Am
NR_003287_RNA28SN5	3868	Cm
NR_003287_RNA28SN5	3883	psU
NR_003287_RNA28SN5	3886	Cm
NR_003287_RNA28SN5	3898	Gm
NR_003287_RNA28SN5	3919	psU
NR_003287_RNA28SN5	3924	Um
NR_003287_RNA28SN5	3943	Gm
NR_003287_RNA28SN5	3958	psU
NR_003287_RNA28SN5	4041	Gm
NR_003287_RNA28SN5	4053	Cm
NR_003287_RNA28SN5	4195	Gm
NR_003287_RNA28SN5	4219	m6A
NR_003287_RNA28SN5	4226	Um
NR_003287_RNA28SN5	4227	Gm
NR_003287_RNA28SN5	4292	psU
NR_003287_RNA28SN5	4295	psU
NR_003287_RNA28SN5	4298	psU
NR_003287_RNA28SN5	4305	Um
NR_003287_RNA28SN5	4311	psU
NR_003287_RNA28SN5	4352	psU
NR_003287_RNA28SN5	4360	psU
NR_003287_RNA28SN5	4369	Gm
NR_003287_RNA28SN5	4391	Gm
NR_003287_RNA28SN5	4402	psU
NR_003287_RNA28SN5	4419	psU
NR_003287_RNA28SN5	4422	psU
NR_003287_RNA28SN5	4430	psU
NR_003287_RNA28SN5	4441	psU
NR_003287_RNA28SN5	4446	m5C
NR_003287_RNA28SN5	4455	Cm
NR_003287_RNA28SN5	4456	psU
NR_003287_RNA28SN5	4470	psU
NR_003287_RNA28SN5	4492	psU
NR_003287_RNA28SN5	4493	Gm
NR_003287_RNA28SN5	4497	Um
NR_003287_RNA28SN5	4498	Gm
NR_003287_RNA28SN5	4499	psU
NR_003287_RNA28SN5	4520	psU
NR_003287_RNA28SN5	4522	Am
NR_003287_RNA28SN5	4529	m3U
NR_003287_RNA28SN5	4530	ND
NR_003287_RNA28SN5	4531	psU
NR_003287_RNA28SN5	4535	Cm
NR_003287_RNA28SN5	4551	psU
NR_003287_RNA28SN5	4570	Am
NR_003287_RNA28SN5	4575	psU
NR_003287_RNA28SN5	4578	psU
NR_003287_RNA28SN5	4589	Am
NR_003287_RNA28SN5	4617	Gm
NR_003287_RNA28SN5	4619	Um
NR_003287_RNA28SN5	4622	Gm
NR_003287_RNA28SN5	4627	psU
NR_003287_RNA28SN5	4635	psU
NR_003287_RNA28SN5	4636	Gm
NR_003287_RNA28SN5	4672	psU
NR_003287_RNA28SN5	4688	psU
NR_003287_RNA28SN5	4971	psU
NR_003287_RNA28SN5	5000	psU
NR_003287_RNA28SN5	5009	psU
